{
  "model_name": "regression_monthly",
  "model_type": "XGBRegressor",
  "created_at": "2025-11-28T22:17:33.969229",
  "features": [
    "anio",
    "mes",
    "trimestre",
    "mes_sin",
    "mes_cos",
    "n_dias_laborales",
    "n_fines_de_semana",
    "n_festivos",
    "es_fin_ano",
    "codigo_municipio",
    "area_km2",
    "densidad_poblacional",
    "n_centros_poblados",
    "poblacion_total",
    "proporcion_menores",
    "proporcion_adultos",
    "proporcion_adolescentes",
    "lag_1",
    "lag_3",
    "lag_12",
    "roll_mean_3",
    "roll_mean_12",
    "roll_std_3",
    "roll_std_12",
    "pct_change_1",
    "pct_change_3",
    "pct_change_12"
  ],
  "target": "total_delitos",
  "best_params": {
    "colsample_bytree": 0.7425191352307899,
    "gamma": 0.453414220772877,
    "learning_rate": 0.09163967481539059,
    "max_depth": 13,
    "min_child_weight": 9,
    "n_estimators": 165,
    "reg_alpha": 0.352568856334169,
    "reg_lambda": 0.30478125815802903,
    "subsample": 0.6658623412571767
  },
  "metrics": {
    "MAE": 3.056491380184571,
    "RMSE": 16.233183673889712,
    "R2": 0.9906885018353626,
    "MAPE": 5.381671997009459
  },
  "train_samples": 9657,
  "test_samples": 2343,
  "year_split": 2023,
  "feature_importance": {
    "es_fin_ano": 0.0,
    "proporcion_adolescentes": 5.466626680572517e-05,
    "n_centros_poblados": 6.718430086039007e-05,
    "area_km2": 0.00012493760732468218,
    "mes_cos": 0.00013276709069032222,
    "densidad_poblacional": 0.00019051205890718848,
    "mes_sin": 0.00021085271146148443,
    "roll_std_3": 0.00029641840956173837,
    "n_festivos": 0.00039275118615478277,
    "mes": 0.00046613006270490587,
    "roll_std_12": 0.00046814378583803773,
    "trimestre": 0.000636042095720768,
    "anio": 0.0006403999286703765,
    "proporcion_adultos": 0.0006810575141571462,
    "lag_12": 0.0008366850670427084,
    "proporcion_menores": 0.0009186061797663569,
    "pct_change_12": 0.001052956678904593,
    "pct_change_3": 0.0012737202923744917,
    "pct_change_1": 0.0023131975904107094,
    "lag_3": 0.002959400648251176,
    "n_fines_de_semana": 0.0072642723098397255,
    "poblacion_total": 0.010883385315537453,
    "roll_mean_12": 0.04322892427444458,
    "n_dias_laborales": 0.08272474259138107,
    "codigo_municipio": 0.25403523445129395,
    "roll_mean_3": 0.26707780361175537,
    "lag_1": 0.3210691809654236
  }
}